{"rank": 100, "maxiter": 10, "regparam": 0.15, "rmse": 1.3320457295877726, "time": 1392.5063185691833}