{"rank": 10, "maxiter": 10, "regparam": 0.05, "rmse": 1.585333656041387, "time": 141.4320421218872}