{"rank": 100, "maxiter": 10, "regparam": 0.1, "rmse": 1.2233521663784404, "time": 1184.392113685608}