{"rank": 10, "maxiter": 10, "regparam": 0.01, "rmse": 1.637680881017298, "time": 81.3707184791565}