{"rank": 50, "maxiter": 10, "regparam": 0.15, "rmse": 1.3724239852195161, "time": 600.3087995052338}