{"rank": 10, "maxiter": 10, "regparam": 0.15, "rmse": 1.5861290688316587, "time": 252.63257241249084}