{"rank": 100, "maxiter": 10, "regparam": 0.01, "rmse": 1.2413529246773787, "time": 787.7953028678894}