{"rank": 50, "maxiter": 10, "regparam": 0.1, "rmse": 1.2880854926241156, "time": 511.53685784339905}