{"rank": 50, "maxiter": 10, "regparam": 0.05, "rmse": 1.246209790019298, "time": 424.9138734340668}