{"rank": 50, "maxiter": 10, "regparam": 0.01, "rmse": 1.3082075975708343, "time": 338.7010278701782}