{"rank": 10, "maxiter": 10, "regparam": 0.1, "rmse": 1.572029659962544, "time": 197.43152165412903}