{"rank": 100, "maxiter": 10, "regparam": 0.05, "rmse": 1.1466859863817453, "time": 981.7221274375916}