{"rank": 10, "maxiter": 10, "regparam": 0.01, "rmse": 1.6345585865814296, "time": 144.2119219303131}