{"rank": 10, "maxiter": 10, "regparam": 0.01, "rmse": 1.6376808810172983, "time": 142.44384574890137}