{"read_time": 0.26986169815063477, "show_time": 0.1475367546081543, "len": 57633278, "count_time": 4.986052751541138, "time": 5.133591890335083}