{"read_time": 0.24148011207580566, "show_time": 0.11827969551086426, "len": 400631, "count_time": 0.7158291339874268, "time": 0.8341119289398193}