{"read_time": 0.24400901794433594, "show_time": 0.16098880767822266, "len": 1000, "count_time": 0.4248037338256836, "time": 0.5857958793640137}